gene_name,hgvsc,variant_type,wt_utr_length,mutant_utr_length,size_change,crosses_10bp,crosses_20bp,crosses_30bp,crosses_40bp,crosses_50bp,thresholds_crossed,has_truncated_isoform,genomic_coords,clinical_significance,clinvar_url,variant_id,refseq_id,chromosome,start,stop
SMAD4,,deletion,538,127,-411,False,False,False,False,False,,False,chr18:51030213-51030623,Uncertain significance,https://www.ncbi.nlm.nih.gov/clinvar/variation/644844/,644844,,18,51030213,51030623
BMPR1A,c.-547_-268+1del,deletion,568,287,-281,False,False,False,False,False,,False,chr10:86756638-86756918,Pathogenic,https://www.ncbi.nlm.nih.gov/clinvar/variation/571700/,571700,NM_004329,10,86756638,86756918
PTEN,c.-540_-477del,deletion,845,781,-64,False,False,False,False,False,,False,chr10:87863921-87863984,Uncertain significance,https://www.ncbi.nlm.nih.gov/clinvar/variation/2628536/,2628536,NM_000314,10,87863921,87863984
GNA11,c.-78_-21del,deletion,290,232,-58,False,False,False,False,False,,False,chr19:3094566-3094623,Likely benign,https://www.ncbi.nlm.nih.gov/clinvar/variation/3765121/,3765121,NM_002067,19,3094566,3094623
PTEN,c.-531_-486del,deletion,845,799,-46,False,False,False,False,False,,False,chr10:87863922-87863967,Uncertain significance,https://www.ncbi.nlm.nih.gov/clinvar/variation/1679433/,1679433,NM_000314,10,87863922,87863967
ANKH,c.-128_-80delinsCGC,indel,331,285,-46,False,False,False,False,False,,True,chr5:14871527-14871575,Uncertain significance,https://www.ncbi.nlm.nih.gov/clinvar/variation/351930/,351930,NM_054027,5,14871527,14871575
GNA11,c.-43_-4del,deletion,290,250,-40,False,False,False,False,False,,False,chr19:3094600-3094639,Likely benign,https://www.ncbi.nlm.nih.gov/clinvar/variation/1211124/,1211124,NM_002067,19,3094600,3094639
DMD,c.-164_-132del,deletion,237,204,-33,False,False,False,False,False,,True,chrX:33211444-33211476,Uncertain significance,https://www.ncbi.nlm.nih.gov/clinvar/variation/1705153/,1705153,NM_004006,X,33211444,33211476
NPRL3,c.-387_-356del,deletion,99,67,-32,False,False,False,False,False,,False,chr16:138291-138322,Benign,https://www.ncbi.nlm.nih.gov/clinvar/variation/1177704/,1177704,NM_001039476,16,138291,138322
VHL,c.-39_-10del,deletion,70,40,-30,False,False,False,True,True,"40,50",True,chr3:10141804-10141833,Uncertain significance,https://www.ncbi.nlm.nih.gov/clinvar/variation/2928001/,2928001,NM_000551,3,10141804,10141833
FTL,c.-189_-161del,deletion,199,170,-29,False,False,False,False,False,,False,chr19:48965318-48965346,Pathogenic,https://www.ncbi.nlm.nih.gov/clinvar/variation/16478/,16478,NM_000146,19,48965318,48965346
ARSA,c.-35_-8del,deletion,373,345,-28,False,False,False,False,False,,False,chr22:50627787-50627814,Uncertain significance,https://www.ncbi.nlm.nih.gov/clinvar/variation/554063/,554063,NM_000487,22,50627787,50627814
NQO1,c.-36_-9del,deletion,121,93,-28,False,False,False,False,False,,True,chr16:69726448-69726475,Likely benign,https://www.ncbi.nlm.nih.gov/clinvar/variation/3046382/,3046382,NM_000903,16,69726448,69726475
SLC22A5,c.-129_-102del,deletion,263,235,-28,False,False,False,False,False,,False,chr5:132369843-132369870,Uncertain significance,https://www.ncbi.nlm.nih.gov/clinvar/variation/556691/,556691,NM_003060,5,132369843,132369870
GNAS,c.-30_-4del,deletion,306,279,-27,False,False,False,False,False,,True,chr20:58891694-58891720,Likely benign,https://www.ncbi.nlm.nih.gov/clinvar/variation/3349125/,3349125,NM_000516,20,58891694,58891720
AIRE,c.-24_1del,deletion,131,106,-25,False,False,False,False,False,,False,chr21:44285978-44286002,Uncertain significance,https://www.ncbi.nlm.nih.gov/clinvar/variation/556520/,556520,NM_000383,21,44285978,44286002
RYR1,c.-78_-55del,deletion,139,115,-24,False,False,False,False,False,,False,chr19:38433742-38433765,Likely benign,https://www.ncbi.nlm.nih.gov/clinvar/variation/1211621/,1211621,NM_000540,19,38433742,38433765
ARFGEF2,c.-24_-1del,deletion,179,155,-24,False,False,False,False,False,,False,chr20:48921859-48921882,Likely benign,https://www.ncbi.nlm.nih.gov/clinvar/variation/418016/,418016,NM_006420,20,48921859,48921882
MOCS2,c.-8_15del,deletion,676,653,-23,False,False,False,False,False,,False,chr5:53109715-53109737,Likely pathogenic,https://www.ncbi.nlm.nih.gov/clinvar/variation/6116/,6116,NM_176806,5,53109715,53109737
VHL,c.-50_-28del,deletion,70,47,-23,False,False,False,False,True,50,True,chr3:10141791-10141813,Uncertain significance,https://www.ncbi.nlm.nih.gov/clinvar/variation/3069676/,3069676,NM_000551,3,10141791,10141813
CDKN2A,c.194-3646_194-3624del,deletion,30,7,-23,True,True,False,False,False,"10,20",False,chr9:21974832-21974854,Uncertain significance,https://www.ncbi.nlm.nih.gov/clinvar/variation/630615/,630615,NM_058195,9,21974832,21974854
COL5A1,c.-28_-7del,deletion,385,363,-22,False,False,False,False,False,,False,chr9:134642153-134642174,Likely benign,https://www.ncbi.nlm.nih.gov/clinvar/variation/512002/,512002,NM_000093,9,134642153,134642174
KCNH2,c.-28_-7del,deletion,408,386,-22,False,False,False,False,False,,False,chr7:150977920-150977941,Uncertain significance,https://www.ncbi.nlm.nih.gov/clinvar/variation/925937/,925937,NM_000238,7,150977920,150977941
CRYGD,c.-44_-23del,deletion,51,29,-22,False,False,True,True,True,"30,40,50",False,chr2:208124496-208124517,Benign,https://www.ncbi.nlm.nih.gov/clinvar/variation/1242389/,1242389,NM_006891,2,208124496,208124517
KANSL1,c.-23_-2del,deletion,696,674,-22,False,False,False,False,False,,False,chr17:46172145-46172166,Uncertain significance,https://www.ncbi.nlm.nih.gov/clinvar/variation/1306261/,1306261,NM_015443,17,46172145,46172166
EPO,c.-152_-131del,deletion,513,491,-22,False,False,False,False,False,,False,chr7:100720819-100720840,Uncertain significance,https://www.ncbi.nlm.nih.gov/clinvar/variation/3056168/,3056168,NM_000799,7,100720819,100720840
PSPH,c.-235_-213delinsC,indel,598,576,-22,False,False,False,False,False,,False,chr7:56034028-56034050,Uncertain significance,https://www.ncbi.nlm.nih.gov/clinvar/variation/360521/,360521,NM_004577,7,56034028,56034050
DSG2,c.-41_-21del,deletion,75,54,-21,False,False,False,False,False,,True,chr18:31498203-31498223,Uncertain significance,https://www.ncbi.nlm.nih.gov/clinvar/variation/188443/,188443,NM_001943,18,31498203,31498223
KRAS,c.-169_-149del,deletion,190,169,-21,False,False,False,False,False,,False,chr12:25250888-25250908,Likely benign,https://www.ncbi.nlm.nih.gov/clinvar/variation/3046122/,3046122,NM_004985,12,25250888,25250908
ZNF711,c.-458_-438del,deletion,606,585,-21,False,False,False,False,False,,False,chrX:85244128-85244148,Uncertain significance,https://www.ncbi.nlm.nih.gov/clinvar/variation/2438693/,2438693,NM_001330574,X,85244128,85244148
ATR,c.-29_-9delinsT,indel,29,9,-20,True,True,False,False,False,"10,20",False,chr3:142578713-142578733,Conflicting classifications of pathogenicity,https://www.ncbi.nlm.nih.gov/clinvar/variation/343631/,343631,NM_001184,3,142578713,142578733
FRRS1L,c.-35_-16del,deletion,111,91,-20,False,False,False,False,False,,False,chr9:109167154-109167173,Pathogenic,https://www.ncbi.nlm.nih.gov/clinvar/variation/2100471/,2100471,NM_014334,9,109167154,109167173
VHL,c.-54_-35del,deletion,70,50,-20,False,False,False,False,True,50,True,chr3:10141788-10141807,Uncertain significance,https://www.ncbi.nlm.nih.gov/clinvar/variation/3758311/,3758311,NM_000551,3,10141788,10141807
VHL,c.-62_-43del,deletion,70,50,-20,False,False,False,False,True,50,True,chr3:10141786-10141805,Uncertain significance,https://www.ncbi.nlm.nih.gov/clinvar/variation/2498921/,2498921,NM_000551,3,10141786,10141805
EPCAM,c.-45_-26del,deletion,195,175,-20,False,False,False,False,False,,False,chr2:47369451-47369470,Benign,https://www.ncbi.nlm.nih.gov/clinvar/variation/1241098/,1241098,NM_002354,2,47369451,47369470
DHFR,c.-408_-390del,deletion,494,475,-19,False,False,False,False,False,,False,chr5:80654879-80654897,Likely benign,https://www.ncbi.nlm.nih.gov/clinvar/variation/1704334/,1704334,NM_000791,5,80654879,80654897
SBF1,c.-21_-3del,deletion,195,176,-19,False,False,False,False,False,,False,chr22:50474843-50474861,Likely benign,https://www.ncbi.nlm.nih.gov/clinvar/variation/1193479/,1193479,NM_002972,22,50474843,50474861
MYD88,c.-24_-6del,deletion,40,21,-19,False,False,True,False,False,30,False,chr3:38138671-38138689,Conflicting classifications of pathogenicity,https://www.ncbi.nlm.nih.gov/clinvar/variation/469578/,469578,NM_002468,3,38138671,38138689
MPZ,c.-34_-17del,deletion,63,45,-18,False,False,False,False,True,50,False,chr1:161309922-161309939,Likely benign,https://www.ncbi.nlm.nih.gov/clinvar/variation/517838/,517838,NM_000530,1,161309922,161309939
SLCO1B3,c.-28_-11del,deletion,240,222,-18,False,False,False,False,False,,False,chr12:20815711-20815728,Benign,https://www.ncbi.nlm.nih.gov/clinvar/variation/993345/,993345,NM_019844,12,20815711,20815728
KIF5C,c.-36_-19del,deletion,391,373,-18,False,False,False,False,False,,False,chr2:148875577-148875594,Likely benign,https://www.ncbi.nlm.nih.gov/clinvar/variation/421075/,421075,NM_004522,2,148875577,148875594
FMR1,c.-99_-82del,deletion,261,243,-18,False,False,False,False,False,,False,chrX:147912064-147912081,Likely benign,https://www.ncbi.nlm.nih.gov/clinvar/variation/1695320/,1695320,NM_002024,X,147912064,147912081
ADGRV1,c.-26_-9del,deletion,99,81,-18,False,False,False,False,False,,False,chr5:90558870-90558887,Uncertain significance,https://www.ncbi.nlm.nih.gov/clinvar/variation/228719/,228719,NM_032119,5,90558870,90558887
C12orf57,c.-91_-75del,deletion,100,83,-17,False,False,False,False,False,,False,chr12:6944031-6944047,Likely benign,https://www.ncbi.nlm.nih.gov/clinvar/variation/1302662/,1302662,NM_138425,12,6944031,6944047
NF1,c.-280_-264del,deletion,333,316,-17,False,False,False,False,False,,False,chr17:31095021-31095037,Uncertain significance,https://www.ncbi.nlm.nih.gov/clinvar/variation/1380660/,1380660,NM_001042492,17,31095021,31095037
DHFR,c.-415_-400del,deletion,494,478,-16,False,False,False,False,False,,False,chr5:80654889-80654904,Likely benign,https://www.ncbi.nlm.nih.gov/clinvar/variation/2575338/,2575338,NM_000791,5,80654889,80654904
RB1,c.-75_-60del,deletion,162,146,-16,False,False,False,False,False,,False,chr13:48303835-48303850,Uncertain significance,https://www.ncbi.nlm.nih.gov/clinvar/variation/3673239/,3673239,NM_000321,13,48303835,48303850
JUP,c.-42_-27del,deletion,132,116,-16,False,False,False,False,False,,False,chr17:41786606-41786621,Uncertain significance,https://www.ncbi.nlm.nih.gov/clinvar/variation/504089/,504089,NM_002230,17,41786606,41786621
MYCN,c.-22_-7del,deletion,311,295,-16,False,False,False,False,False,,False,chr2:15942043-15942058,Uncertain significance,https://www.ncbi.nlm.nih.gov/clinvar/variation/3779985/,3779985,NM_005378,2,15942043,15942058
RECQL,c.-421_-407del,deletion,511,496,-15,False,False,False,False,False,,True,chr12:21501531-21501545,Benign,https://www.ncbi.nlm.nih.gov/clinvar/variation/1251475/,1251475,NM_002907,12,21501531,21501545
PRKCG,c.-192_-178del,deletion,298,283,-15,False,False,False,False,False,,False,chr19:53882303-53882317,Likely benign,https://www.ncbi.nlm.nih.gov/clinvar/variation/2579987/,2579987,NM_002739,19,53882303,53882317
TJP2,c.-16_-2del,deletion,96,81,-15,False,False,False,False,False,,False,chr9:69174357-69174371,Uncertain significance,https://www.ncbi.nlm.nih.gov/clinvar/variation/3371975/,3371975,NM_004817,9,69174357,69174371
PTEN,c.-801_-787del,deletion,845,830,-15,False,False,False,False,False,,False,chr10:87863666-87863680,Uncertain significance,https://www.ncbi.nlm.nih.gov/clinvar/variation/1761643/,1761643,NM_000314,10,87863666,87863680
FTL,c.-167_-153del,deletion,199,184,-15,False,False,False,False,False,,False,chr19:48965338-48965352,Uncertain significance,https://www.ncbi.nlm.nih.gov/clinvar/variation/3759327/,3759327,NM_000146,19,48965338,48965352
PDX1,c.-35_-22del,deletion,139,125,-14,False,False,False,False,False,,False,chr13:27920104-27920117,Uncertain significance,https://www.ncbi.nlm.nih.gov/clinvar/variation/3030289/,3030289,NM_000209,13,27920104,27920117
CHMP1A,c.-94_-81del,deletion,120,106,-14,False,False,False,False,False,,True,chr16:89657669-89657682,Likely benign,https://www.ncbi.nlm.nih.gov/clinvar/variation/1220022/,1220022,NM_002768,16,89657669,89657682
AURKC,c.-120_-107del,deletion,226,212,-14,False,False,False,False,False,,False,chr19:57231126-57231139,Benign,https://www.ncbi.nlm.nih.gov/clinvar/variation/1295147/,1295147,NM_001015878,19,57231126,57231139
TBX3,c.-865_-852del,deletion,975,961,-14,False,False,False,False,False,,False,chr12:114684052-114684065,Likely benign,https://www.ncbi.nlm.nih.gov/clinvar/variation/3356184/,3356184,NM_005996,12,114684052,114684065
SCN5A,c.-27_-15del,deletion,209,196,-13,False,False,False,False,False,,False,chr3:38633322-38633334,Uncertain significance,https://www.ncbi.nlm.nih.gov/clinvar/variation/2073857/,2073857,NM_000335,3,38633322,38633334
NOTCH1,c.-215_-203del,deletion,262,249,-13,False,False,False,False,False,,False,chr9:136545989-136546001,Benign,https://www.ncbi.nlm.nih.gov/clinvar/variation/1233143/,1233143,NM_017617,9,136545989,136546001
CEP19,c.-13_-1del,deletion,392,379,-13,False,False,False,False,False,,False,chr3:196708658-196708670,Uncertain significance,https://www.ncbi.nlm.nih.gov/clinvar/variation/2132375/,2132375,NM_032898,3,196708658,196708670
ASXL3,c.-171_-159del,deletion,413,400,-13,False,False,False,False,False,,False,chr18:33578461-33578473,Likely benign,https://www.ncbi.nlm.nih.gov/clinvar/variation/1199636/,1199636,NM_030632,18,33578461,33578473
CSTB,c.-36_-24delGAGTCCCCTCGCC,deletion,39,26,-13,False,False,True,False,False,30,True,chr21:43776293-43776305,Benign,https://www.ncbi.nlm.nih.gov/clinvar/variation/208407/,208407,NM_000100,21,43776293,43776305
KRAS,c.-148_-137del,deletion,190,178,-12,False,False,False,False,False,,False,chr12:25250876-25250887,Uncertain significance,https://www.ncbi.nlm.nih.gov/clinvar/variation/177893/,177893,NM_004985,12,25250876,25250887
DHCR7,c.-182_-171del,deletion,235,223,-12,False,False,False,False,False,,True,chr11:71448329-71448340,Uncertain significance,https://www.ncbi.nlm.nih.gov/clinvar/variation/4065849/,4065849,NM_001360,11,71448329,71448340
SYNJ1,c.-67_-56del,deletion,90,78,-12,False,False,False,False,False,,False,chr21:32727979-32727990,Uncertain significance,https://www.ncbi.nlm.nih.gov/clinvar/variation/544571/,544571,NM_203446,21,32727979,32727990
FRRS1L,c.-56_-43delinsGG,indel,111,99,-12,False,False,False,False,False,,False,chr9:109167181-109167194,Uncertain significance,https://www.ncbi.nlm.nih.gov/clinvar/variation/576567/,576567,NM_014334,9,109167181,109167194
SYNJ1,c.-64_-53del,deletion,90,78,-12,False,False,False,False,False,,False,chr21:32727976-32727987,Uncertain significance,https://www.ncbi.nlm.nih.gov/clinvar/variation/2199292/,2199292,NM_203446,21,32727976,32727987
PTEN,c.-663_-652del,deletion,845,833,-12,False,False,False,False,False,,False,chr10:87863798-87863809,Benign,https://www.ncbi.nlm.nih.gov/clinvar/variation/189428/,189428,NM_000314,10,87863798,87863809
TUBA1A,c.-16_-6del,deletion,101,90,-11,False,False,False,False,False,,False,chr12:49188985-49188995,Uncertain significance,https://www.ncbi.nlm.nih.gov/clinvar/variation/3768330/,3768330,NM_006009,12,49188985,49188995
CERT1,c.-162_-152del,deletion,422,411,-11,False,False,False,False,False,,False,chr5:75511359-75511369,Uncertain significance,https://www.ncbi.nlm.nih.gov/clinvar/variation/689370/,689370,NM_001379029,5,75511359,75511369
DHFR,c.-410_-400del,deletion,494,483,-11,False,False,False,False,False,,False,chr5:80654889-80654899,Likely benign,https://www.ncbi.nlm.nih.gov/clinvar/variation/1704337/,1704337,NM_000791,5,80654889,80654899
ADAMTS2,c.-12_-2del,deletion,133,122,-11,False,False,False,False,False,,False,chr5:179345330-179345340,Uncertain significance,https://www.ncbi.nlm.nih.gov/clinvar/variation/1304438/,1304438,NM_014244,5,179345330,179345340
COQ2,c.-31_-21del,deletion,34,23,-11,False,False,True,False,False,30,False,chr4:83284785-83284795,Uncertain significance,https://www.ncbi.nlm.nih.gov/clinvar/variation/1958388/,1958388,NM_001358921,4,83284785,83284795
PLOD1,c.-9_2del,deletion,63,52,-11,False,False,False,False,False,,False,chr1:11934767-11934777,Uncertain significance,https://www.ncbi.nlm.nih.gov/clinvar/variation/422689/,422689,NM_000302,1,11934767,11934777
RD3,c.-304_-294delinsC,indel,406,396,-10,False,False,False,False,False,,False,chr1:211492050-211492060,Uncertain significance,https://www.ncbi.nlm.nih.gov/clinvar/variation/295278/,295278,NM_001164688,1,211492050,211492060
KCNJ5,c.-293_-284del,deletion,376,366,-10,False,False,False,False,False,,False,chr11:128891438-128891447,Benign,https://www.ncbi.nlm.nih.gov/clinvar/variation/1294837/,1294837,NM_000890,11,128891438,128891447
KCNJ5,c.-305_-291delinsGAGAG,indel,376,366,-10,False,False,False,False,False,,False,chr11:128891427-128891441,Uncertain significance,https://www.ncbi.nlm.nih.gov/clinvar/variation/303581/,303581,NM_000890,11,128891427,128891441
DNAI2,c.-72_-63del,deletion,123,113,-10,False,False,False,False,False,,False,chr17:74274285-74274294,Benign,https://www.ncbi.nlm.nih.gov/clinvar/variation/325000/,325000,NM_023036,17,74274285,74274294
DHFR,c.-408_-399del,deletion,494,484,-10,False,False,False,False,False,,False,chr5:80654888-80654897,Likely benign,https://www.ncbi.nlm.nih.gov/clinvar/variation/1704335/,1704335,NM_000791,5,80654888,80654897
HCN4,c.-277_-268del,deletion,688,678,-10,False,False,False,False,False,,False,chr15:73368538-73368547,Likely benign,https://www.ncbi.nlm.nih.gov/clinvar/variation/1219283/,1219283,NM_005477,15,73368538,73368547
KCNJ5,c.-303_-291delinsGAG,indel,376,366,-10,False,False,False,False,False,,False,chr11:128891429-128891441,Uncertain significance,https://www.ncbi.nlm.nih.gov/clinvar/variation/303582/,303582,NM_000890,11,128891429,128891441
GNAS,c.-23_-14del,deletion,306,296,-10,False,False,False,False,False,,True,chr20:58891699-58891708,Likely benign,https://www.ncbi.nlm.nih.gov/clinvar/variation/2652448/,2652448,NM_000516,20,58891699,58891708
KCNJ5,c.-301_-291delinsG,indel,376,366,-10,False,False,False,False,False,,False,chr11:128891431-128891441,Uncertain significance,https://www.ncbi.nlm.nih.gov/clinvar/variation/303586/,303586,NM_000890,11,128891431,128891441
ALMS1,c.-11_-2del,deletion,33,23,-10,False,False,True,False,False,30,False,chr2:73385858-73385867,Likely benign,https://www.ncbi.nlm.nih.gov/clinvar/variation/1792180/,1792180,NM_001378454,2,73385858,73385867
DSC2,c.-243_-234del,deletion,450,440,-10,False,False,False,False,False,,False,chr18:31102205-31102214,Likely benign,https://www.ncbi.nlm.nih.gov/clinvar/variation/177857/,177857,NM_024422,18,31102205,31102214
AFG3L2,c.-44_-35del,deletion,145,135,-10,False,False,False,False,False,,False,chr18:12377117-12377126,Likely benign,https://www.ncbi.nlm.nih.gov/clinvar/variation/507901/,507901,NM_006796,18,12377117,12377126
KCNJ5,c.-293_-291delinsGAGAGAGAGAGAG,indel,376,386,10,False,False,False,False,False,,False,chr11:128891439-128891441,Uncertain significance,https://www.ncbi.nlm.nih.gov/clinvar/variation/303604/,303604,NM_000890,11,128891439,128891441
KCNJ5,c.-291delinsGAGAGAGAGAG,indel,376,386,10,False,False,False,False,False,,False,chr11:128891441-128891441,Uncertain significance,https://www.ncbi.nlm.nih.gov/clinvar/variation/303614/,303614,NM_000890,11,128891441,128891441
SELENON,c.-14_-5dup,duplication,38,48,10,False,False,False,True,False,40,False,chr1:25800209-25800210,Likely benign,https://www.ncbi.nlm.nih.gov/clinvar/variation/2638502/,2638502,NM_206926,1,25800209,25800210
KCNJ5,c.-297_-291delinsGAGAGAGAGAGAGAGAG,indel,376,386,10,False,False,False,False,False,,False,chr11:128891435-128891441,Uncertain significance,https://www.ncbi.nlm.nih.gov/clinvar/variation/303593/,303593,NM_000890,11,128891435,128891441
FBN1,c.-178_-169dup,duplication,316,326,10,False,False,False,False,False,,False,chr15:48644937-48644938,Likely benign,https://www.ncbi.nlm.nih.gov/clinvar/variation/512419/,512419,NM_000138,15,48644937,48644938
MKKS,c.-683_-674dup,duplication,763,773,10,False,False,False,False,False,,False,chr20:10434132-10434133,Benign,https://www.ncbi.nlm.nih.gov/clinvar/variation/21667/,21667,NM_170784,20,10434132,10434133
SELENON,c.-22_-13dup,duplication,38,48,10,False,False,False,True,False,40,False,chr1:25800201-25800202,Likely benign,https://www.ncbi.nlm.nih.gov/clinvar/variation/514934/,514934,NM_206926,1,25800201,25800202
KCNJ5,c.-303_-291delinsGAGAGAGAGAGAGAGAGAGAGAG,indel,376,386,10,False,False,False,False,False,,False,chr11:128891429-128891441,Uncertain significance,https://www.ncbi.nlm.nih.gov/clinvar/variation/303585/,303585,NM_000890,11,128891429,128891441
BRCA2,c.-179_-169dup,duplication,199,210,11,False,False,False,False,False,,False,chr13:32315526-32315527,Uncertain significance,https://www.ncbi.nlm.nih.gov/clinvar/variation/584838/,584838,NM_000059,13,32315526,32315527
VHL,c.-11_10dup,duplication,70,81,11,False,False,False,False,False,,True,chr3:10141833-10141834,Uncertain significance,https://www.ncbi.nlm.nih.gov/clinvar/variation/2446103/,2446103,NM_000551,3,10141833,10141834
DSG2,c.-11_11dup,duplication,75,86,11,False,False,False,False,False,,True,chr18:31498234-31498235,Uncertain significance,https://www.ncbi.nlm.nih.gov/clinvar/variation/2563307/,2563307,NM_001943,18,31498234,31498235
VHL,c.-61_-51dup,duplication,70,81,11,False,False,False,False,False,,True,chr3:10141782-10141783,Conflicting classifications of pathogenicity,https://www.ncbi.nlm.nih.gov/clinvar/variation/517152/,517152,NM_000551,3,10141782,10141783
VHL,c.-54_-44dup,duplication,70,81,11,False,False,False,False,False,,True,chr3:10141787-10141788,Likely pathogenic,https://www.ncbi.nlm.nih.gov/clinvar/variation/3780956/,3780956,NM_000551,3,10141787,10141788
GALNT12,c.2_13dup,duplication,29,41,12,False,False,True,True,False,"30,40",False,chr9:98807692-98807693,Uncertain significance,https://www.ncbi.nlm.nih.gov/clinvar/variation/1784215/,1784215,NM_024642,9,98807692,98807693
VHL,c.-12_2dup,duplication,70,82,12,False,False,False,False,False,,True,chr3:10141835-10141836,Conflicting classifications of pathogenicity,https://www.ncbi.nlm.nih.gov/clinvar/variation/279916/,279916,NM_000551,3,10141835,10141836
CHD7,c.-466delinsGGCGGCGGCGGCG,indel,517,529,12,False,False,False,False,False,,False,chr8:60678791-60678791,Uncertain significance,https://www.ncbi.nlm.nih.gov/clinvar/variation/363428/,363428,NM_017780,8,60678791,60678791
PTEN,c.-488_-477dup,duplication,845,857,12,False,False,False,False,False,,False,chr10:87863973-87863974,Likely benign,https://www.ncbi.nlm.nih.gov/clinvar/variation/4534234/,4534234,NM_000314,10,87863973,87863974
RSPH4A,c.-16_-12delinsCACGCCCCTTTCATCCA,indel,145,157,12,False,False,False,False,False,,False,chr6:116616608-116616612,Conflicting classifications of pathogenicity,https://www.ncbi.nlm.nih.gov/clinvar/variation/179470/,179470,NM_001010892,6,116616608,116616612
SYNJ1,c.-64_-53dup,duplication,90,102,12,False,False,False,False,False,,False,chr21:32727975-32727976,Uncertain significance,https://www.ncbi.nlm.nih.gov/clinvar/variation/943080/,943080,NM_203446,21,32727975,32727976
DNM2,c.-48_-47delinsTTGAGGGTCGCCCG,indel,164,176,12,False,False,False,False,False,,False,chr19:10718195-10718196,Likely benign,https://www.ncbi.nlm.nih.gov/clinvar/variation/422584/,422584,NM_001005361,19,10718195,10718196
LAMP2,c.-26_-15dup,duplication,127,139,12,False,False,False,False,False,,False,chrX:120469183-120469184,Uncertain significance,https://www.ncbi.nlm.nih.gov/clinvar/variation/180890/,180890,NM_002294,X,120469183,120469184
DOCK7,c.-26_-15dup,duplication,122,134,12,False,False,False,False,False,,False,chr1:62688278-62688279,Uncertain significance,https://www.ncbi.nlm.nih.gov/clinvar/variation/4535874/,4535874,NM_001367561,1,62688278,62688279
SH3PXD2B,c.-142_-131dup,duplication,173,185,12,False,False,False,False,False,,True,chr5:172454482-172454483,Benign,https://www.ncbi.nlm.nih.gov/clinvar/variation/2656078/,2656078,NM_001017995,5,172454482,172454483
MSH3,c.-12_2dup,duplication,76,88,12,False,False,False,False,False,,False,chr5:80654708-80654709,Uncertain significance,https://www.ncbi.nlm.nih.gov/clinvar/variation/3398712/,3398712,NM_002439,5,80654708,80654709
ARL6,c.-13_12dup,duplication,247,260,13,False,False,False,False,False,,False,chr3:97768092-97768093,Uncertain significance,https://www.ncbi.nlm.nih.gov/clinvar/variation/3589684/,3589684,NM_001278293,3,97768092,97768093
MSH3,c.-30_-18dup,duplication,76,89,13,False,False,False,False,False,,False,chr5:80654697-80654698,Benign,https://www.ncbi.nlm.nih.gov/clinvar/variation/2673932/,2673932,NM_002439,5,80654697,80654698
DES,c.-17_-16insGCGCCCGCCAGCC,insertion,86,99,13,False,False,False,False,False,,False,chr2:219418446-219418447,Benign,https://www.ncbi.nlm.nih.gov/clinvar/variation/1297205/,1297205,NM_001927,2,219418446,219418447
DES,c.-30_-18dup,duplication,86,99,13,False,False,False,False,False,,False,chr2:219418432-219418433,Benign,https://www.ncbi.nlm.nih.gov/clinvar/variation/201699/,201699,NM_001927,2,219418432,219418433
ELOVL4,c.-272_-260dup,duplication,274,287,13,False,False,False,False,False,,False,chr6:79947538-79947539,Likely benign,https://www.ncbi.nlm.nih.gov/clinvar/variation/1200560/,1200560,NM_022726,6,79947538,79947539
COL5A2,c.-16_-15insCTAACCCACATCAT,insertion,157,171,14,False,False,False,False,False,,False,chr2:189179619-189179620,Likely benign,https://www.ncbi.nlm.nih.gov/clinvar/variation/213088/,213088,NM_000393,2,189179619,189179620
KCNJ5,c.-293_-291delinsGAGAGAGAGAGAGAGAG,indel,376,390,14,False,False,False,False,False,,False,chr11:128891439-128891441,Uncertain significance,https://www.ncbi.nlm.nih.gov/clinvar/variation/303605/,303605,NM_000890,11,128891439,128891441
KCNJ5,c.-295_-291delinsGAGAGAGAGAGAGAGAGAG,indel,376,390,14,False,False,False,False,False,,False,chr11:128891437-128891441,Uncertain significance,https://www.ncbi.nlm.nih.gov/clinvar/variation/303597/,303597,NM_000890,11,128891437,128891441
GALK1,c.-33_-20dup,duplication,56,70,14,False,False,False,False,False,,False,chr17:75765155-75765156,Uncertain significance,https://www.ncbi.nlm.nih.gov/clinvar/variation/553861/,553861,NM_000154,17,75765155,75765156
JAG1,c.-75_-61dup,duplication,469,484,15,False,False,False,False,False,,False,chr20:10673590-10673591,Likely benign,https://www.ncbi.nlm.nih.gov/clinvar/variation/512320/,512320,NM_000214,20,10673590,10673591
CHD7,c.-466delinsGGCGGCGGCGGCAGCG,indel,517,532,15,False,False,False,False,False,,False,chr8:60678791-60678791,Uncertain significance,https://www.ncbi.nlm.nih.gov/clinvar/variation/363427/,363427,NM_017780,8,60678791,60678791
CPAMD8,c.-110_-96dup,duplication,168,183,15,False,False,False,False,False,,False,chr19:17026737-17026738,Uncertain significance,https://www.ncbi.nlm.nih.gov/clinvar/variation/2715016/,2715016,NM_015692,19,17026737,17026738
AGTPBP1,c.-185_-184insTCCAGCGCCGCCGCC,insertion,213,228,15,False,False,False,False,False,,True,chr9:85741925-85741926,Benign,https://www.ncbi.nlm.nih.gov/clinvar/variation/3338243/,3338243,NM_001330701,9,85741925,85741926
ANO5,c.-15_2dup,duplication,408,423,15,False,False,False,False,False,,False,chr11:22193476-22193477,Conflicting classifications of pathogenicity,https://www.ncbi.nlm.nih.gov/clinvar/variation/502204/,502204,NM_213599,11,22193476,22193477
KRAS,c.-167_-153dup,duplication,190,205,15,False,False,False,False,False,,False,chr12:25250891-25250892,Uncertain significance,https://www.ncbi.nlm.nih.gov/clinvar/variation/1334244/,1334244,NM_004985,12,25250891,25250892
LAPTM4B,c.-67_-52dup,duplication,222,238,16,False,False,False,False,False,,True,chr8:97775937-97775938,Benign,https://www.ncbi.nlm.nih.gov/clinvar/variation/403028/,403028,NM_018407,8,97775937,97775938
KCNJ5,c.-293_-291delinsGAGAGAGAGAGAGAGAGAG,indel,376,392,16,False,False,False,False,False,,False,chr11:128891439-128891441,Uncertain significance,https://www.ncbi.nlm.nih.gov/clinvar/variation/303606/,303606,NM_000890,11,128891439,128891441
AGTPBP1,c.11_26dup,duplication,213,229,16,False,False,False,False,False,,True,chr9:85741936-85741937,Uncertain significance,https://www.ncbi.nlm.nih.gov/clinvar/variation/992321/,992321,NM_001286715,9,85741936,85741937
PTEN,c.-780_-765dup,duplication,845,861,16,False,False,False,False,False,,False,chr10:87863681-87863682,Uncertain significance,https://www.ncbi.nlm.nih.gov/clinvar/variation/503733/,503733,NM_000314,10,87863681,87863682
ANKH,c.-17_-2dup,duplication,331,347,16,False,False,False,False,False,,True,chr5:14871448-14871449,Likely benign,https://www.ncbi.nlm.nih.gov/clinvar/variation/1178798/,1178798,NM_054027,5,14871448,14871449
PRKAR1A,c.-32_-16dup,duplication,125,142,17,False,False,False,False,False,,True,chr17:68512519-68512520,Uncertain significance,https://www.ncbi.nlm.nih.gov/clinvar/variation/2126173/,2126173,NM_002734,17,68512519,68512520
ACTB,c.-25_-9dup,duplication,84,101,17,False,False,False,False,False,,True,chr7:5530525-5530526,Likely benign,https://www.ncbi.nlm.nih.gov/clinvar/variation/509389/,509389,NM_001101,7,5530525,5530526
COL4A5,c.-25_-8dup,duplication,288,306,18,False,False,False,False,False,,False,chrX:108440099-108440100,Conflicting classifications of pathogenicity,https://www.ncbi.nlm.nih.gov/clinvar/variation/451163/,451163,NM_033380,X,108440099,108440100
FLNC,c.-26_-9dup,duplication,232,250,18,False,False,False,False,False,,False,chr7:128830606-128830607,Benign/Likely benign,https://www.ncbi.nlm.nih.gov/clinvar/variation/1299957/,1299957,NM_001458,7,128830606,128830607
DHFR,c.-428_-411dup,duplication,494,512,18,False,False,False,False,False,,False,chr5:80654899-80654900,Likely benign,https://www.ncbi.nlm.nih.gov/clinvar/variation/1704338/,1704338,NM_000791,5,80654899,80654900
SPTAN1,c.-66_-49dup,duplication,113,131,18,False,False,False,False,False,,False,chr9:128552633-128552634,Likely benign,https://www.ncbi.nlm.nih.gov/clinvar/variation/420615/,420615,NM_001130438,9,128552633,128552634
CHD7,c.-466delinsGGCGGCGGCGGCGGCGGCG,indel,517,535,18,False,False,False,False,False,,False,chr8:60678791-60678791,Uncertain significance,https://www.ncbi.nlm.nih.gov/clinvar/variation/363429/,363429,NM_017780,8,60678791,60678791
ALG6,c.-235_-217dup,duplication,268,287,19,False,False,False,False,False,,False,chr1:63367655-63367656,Likely benign,https://www.ncbi.nlm.nih.gov/clinvar/variation/676676/,676676,NM_013339,1,63367655,63367656
ACSF3,c.-14_-13insCCAGGAGGCTCCCGGGAGC,insertion,338,357,19,False,False,False,False,False,,False,chr16:89100667-89100668,Benign,https://www.ncbi.nlm.nih.gov/clinvar/variation/203598/,203598,NM_001243279,16,89100667,89100668
AMPD2,c.-43_-24dup,duplication,704,724,20,False,False,False,False,False,,False,chr1:109621129-109621130,Pathogenic,https://www.ncbi.nlm.nih.gov/clinvar/variation/1991577/,1991577,NM_001368809,1,109621129,109621130
TMCO1,c.-54_-35dup,duplication,117,137,20,False,False,False,False,False,,True,chr1:165768785-165768786,Likely pathogenic,https://www.ncbi.nlm.nih.gov/clinvar/variation/3780713/,3780713,NM_019026,1,165768785,165768786
VHL,c.-54_-35dup,duplication,70,90,20,False,False,False,False,False,,True,chr3:10141787-10141788,Uncertain significance,https://www.ncbi.nlm.nih.gov/clinvar/variation/182985/,182985,NM_000551,3,10141787,10141788
VLDLR,c.-296_-277dup,duplication,403,423,20,False,False,False,False,False,,False,chr9:2621884-2621885,Likely benign,https://www.ncbi.nlm.nih.gov/clinvar/variation/2659036/,2659036,NM_003383,9,2621884,2621885
KRAS,c.-48_-29dup,duplication,190,210,20,False,False,False,False,False,,False,chr12:25250767-25250768,Benign/Likely benign,https://www.ncbi.nlm.nih.gov/clinvar/variation/177929/,177929,NM_033360,12,25250767,25250768
BET1L,c.-59_-39dup,duplication,78,99,21,False,False,False,False,False,,False,chr11:207359-207360,Benign,https://www.ncbi.nlm.nih.gov/clinvar/variation/1230559/,1230559,NM_001098787,11,207359,207360
MN1,c.-795_-775dup,duplication,1213,1234,21,False,False,False,False,False,,False,chr22:27801317-27801318,Benign,https://www.ncbi.nlm.nih.gov/clinvar/variation/1222661/,1222661,NM_002430,22,27801317,27801318
FIG4,c.3_23dup,duplication,140,161,21,False,False,False,False,False,,False,chr6:109691433-109691434,Uncertain significance,https://www.ncbi.nlm.nih.gov/clinvar/variation/572049/,572049,NM_014845,6,109691433,109691434
CHD7,c.-466delinsGGCGGCGGCGGCGGCGGCGGCG,indel,517,538,21,False,False,False,False,False,,False,chr8:60678791-60678791,Uncertain significance,https://www.ncbi.nlm.nih.gov/clinvar/variation/363430/,363430,NM_017780,8,60678791,60678791
KCNJ5,c.-293_-291delinsGAGAGAGAGAGAGAGAGAGAGAGAG,indel,376,398,22,False,False,False,False,False,,False,chr11:128891439-128891441,Uncertain significance,https://www.ncbi.nlm.nih.gov/clinvar/variation/303607/,303607,NM_000890,11,128891439,128891441
VHL,c.-50_-28dup,duplication,70,93,23,False,False,False,False,False,,True,chr3:10141790-10141791,Uncertain significance,https://www.ncbi.nlm.nih.gov/clinvar/variation/3072506/,3072506,NM_000551,3,10141790,10141791
ELAC2,c.-69_-46dup,duplication,80,104,24,False,False,False,False,False,,False,chr17:13017992-13017993,Likely benign,https://www.ncbi.nlm.nih.gov/clinvar/variation/421733/,421733,NM_018127,17,13017992,13017993
CHD7,c.-466delinsGGCGGCGGCGGCGGCGGCGGCGGCG,indel,517,541,24,False,False,False,False,False,,False,chr8:60678791-60678791,Uncertain significance,https://www.ncbi.nlm.nih.gov/clinvar/variation/363431/,363431,NM_017780,8,60678791,60678791
SGSH,c.-39_-16dup24,duplication,20,44,24,False,False,True,True,False,"30,40",False,chr17:80220328-80220329,Uncertain significance,https://www.ncbi.nlm.nih.gov/clinvar/variation/4537049/,4537049,NM_000199,17,80220328,80220329
REEP1,c.-50_-26dup,duplication,116,141,25,False,False,False,False,False,,False,chr2:86337535-86337536,Uncertain significance,https://www.ncbi.nlm.nih.gov/clinvar/variation/452329/,452329,NM_001371279,2,86337535,86337536
TMEM70,c.-71_-47dup,duplication,87,112,25,False,False,False,False,False,,False,chr8:73976203-73976204,Likely benign,https://www.ncbi.nlm.nih.gov/clinvar/variation/509553/,509553,NM_017866,8,73976203,73976204
MSH3,c.-34_-10dup,duplication,76,101,25,False,False,False,False,False,,False,chr5:80654693-80654694,Benign,https://www.ncbi.nlm.nih.gov/clinvar/variation/2673975/,2673975,NM_002439,5,80654693,80654694
NUCKS1,c.-42_-41insCCCCCCCCCCCCCCCCCCCCCCCCCG,insertion,209,235,26,False,False,False,False,False,,True,chr1:205750014-205750015,Uncertain significance,https://www.ncbi.nlm.nih.gov/clinvar/variation/1684969/,1684969,NM_022731,1,205750014,205750015
EVC,c.-31_15dup,duplication,180,211,31,False,False,False,False,False,,False,chr4:5711341-5711342,Likely pathogenic,https://www.ncbi.nlm.nih.gov/clinvar/variation/3590623/,3590623,NM_153717,4,5711341,5711342
BSND,c.-42_-1dup,duplication,254,296,42,False,False,False,False,False,,False,chr1:54999142-54999143,Uncertain significance,https://www.ncbi.nlm.nih.gov/clinvar/variation/2577180/,2577180,NM_057176,1,54999142,54999143
UNC80,c.-52_45dup,duplication,241,293,52,False,False,False,False,False,,False,chr2:209772013-209772014,Uncertain significance,https://www.ncbi.nlm.nih.gov/clinvar/variation/1352691/,1352691,NM_001371986,2,209772013,209772014
BCKDHA,c.12_13insGACGGGCGAGGTGGCTCACGCCTGAAATCCCAGCACTATGGGAGGCCGAGGCGGGCGGATCACGAGGTCAGGANNNNNNNNNNAAAAAAAAAAAAAAAAAAAAAAGATGGCGGTAGCG,insertion,10,83,73,False,True,True,True,True,"20,30,40,50",False,chr19:41397824-41397825,Pathogenic,https://www.ncbi.nlm.nih.gov/clinvar/variation/1996087/,1996087,NM_000709,19,41397824,41397825
BMPR1A,c.3_4insACTCAGCTATACATTTACATCAGATCTTTTACAAGAAAATCTCACTGAATGATAGTCATTTAAATTGGTGAAGTAGCAAGACCAATTATTAAAGGTGACAGTACACAGGAAACATTACAATTGAACAATG,insertion,568,698,130,False,False,False,False,False,,False,chr10:86875913-86875914,Pathogenic,https://www.ncbi.nlm.nih.gov/clinvar/variation/3647840/,3647840,NM_004329,10,86875913,86875914
GDF9,c.-616_-142dup,duplication,1936,2411,475,False,False,False,False,False,,False,chr5:132864674-132864675,Uncertain significance,https://www.ncbi.nlm.nih.gov/clinvar/variation/635953/,635953,NM_005260,5,132864674,132864675
TMEM132E,c.-1174_-573dup,duplication,1495,2097,602,False,False,False,False,False,,False,chr17:34579902-34579903,Uncertain significance,https://www.ncbi.nlm.nih.gov/clinvar/variation/3778950/,3778950,NM_001304438,17,34579902,34579903
BRCA2,c.-143_-142insCGTCTTTTAGCATACAGGTCTTGTGCAGCTTTTATCAGATTTCTTCCTCTAAGTCTTGATACTTTTTTTTTTTTTAATAATACTTTAAGTTCCGCAATACATGTGCAGAACCTGCAGGTTTGTTACATAGGTATACACGTGCCATGGTGGTTTGCTACACCCATCAACCTGTCATCTACATTAGATATTTCTCCTAATGCTATCCCTTCCCTAGCCCCCCATCCCCCAATAGCCCCCGGTGTGTGATGTTCCCTGCCCTGTGTCCACGTGTTCTCATTGTTCAACTCCCACTTATCAGTGAGAACACGCGGTGTTTGTTTTTCTGTTCTCGTGTTATTTTTCTGAGAATGATATGGTTTCCAGCTTCATCCATGTCCCTGCAAAGGACATGAACTCATTCTTTTTTATGGCCACATAGTATTCTGTGGTGTATATGGGCCACATTTTCTTTATCCAGTCTATCATTGATGGGCATTTGGGTAGGTTCCAAGTCTTTGCTAATTTTGAAATTATCATTTCACAGCTTAATTTCTGATGGTTCCTTGCTAGTATTTAGAAATACAATTGATTTTTTTATGTTGATCTTAAAAAATTGCAAGCTTACCTATCTTGTTTATTAGATCTAGTAACTTATTTGTAGATTCCATTGGGTTTTCTACAAATAGACTCATGTTGCCTAAGAATAAAGGCTTACTTTTTTCCCACTATGAATCCTTTTTATTTGTATTTTTTTCCTTGCCTTATTGCACTGGCTAGAATCTAAAGTATAATGTTGAACAGACATGGTGAGAGCAGATATTCTTACAACTGACCCACACTTAGGTTTGTGGAGAAAGCACTCAGTCTTTCACCATTAAGTATGTTAACTGTACTTAGTTAACTGTAGGGC,insertion,199,1088,889,False,False,False,False,False,,False,chr13:32315562-32315563,Uncertain significance,https://www.ncbi.nlm.nih.gov/clinvar/variation/2761421/,2761421,NM_000059,13,32315562,32315563
